{
"Copyright":" ****** PrimeSim HSPICE -- S-2021.09-2 linux64 (Oct 28 2021 7326465) ******  Copyright (c) 1986 - 2022 by Synopsys, Inc. All Rights Reserved.  This software and the associated documentation are proprietary  to Synopsys, Inc. This software may only be used in accordance  with the terms and conditions of a written license agreement with  Synopsys, Inc. All other use, reproduction, or distribution of  this software is strictly prohibited.",
"Comment" : "File format and content subject to change.",
"Measure_File":"/home/lyuki/Simulacoes/NAND2/results/202/NAND2_var.mt4.csv",
"Netlist":"NAND2/results/202/NAND2_var.cir",
"Netlist_Datestamp":"(Oct 28 2021 7326465)",
"Simulator_Binary":"/usr/synopsys/hspice/hspice_vS-2021.09-2/hspice/linux64/hspice",
"Histogram_File":"/home/lyuki/Simulacoes/NAND2/results/202/NAND2_var.hmt4.csv",
"QQ_plot_File":"/home/lyuki/Simulacoes/NAND2/results/202/NAND2_var.qqt4.csv",
"MPP_File":"/home/lyuki/Simulacoes/NAND2/results/202/NAND2_var.mpp4",
"Alter_Index":4,
"Summary_Statistics":{
"Total_Random_Variable":2,
"Normal_Distribution_Variable":2,
"Non_Normal_Distribution_Variable":0,
"MC_Samples":1000,
"Meas_Failure_Number":0,
"Job_Abortion_Number":0,
"Sigma_Amplification_Factor":1,
"Confidence_Level":0.95,
"Measure_Names":["iint","tphla","tphlb","tplha","tplhb"]
  },
"VB_options":{
"Sampling_Method":"SRS",
"Random_Generator":"MCG",
"Normal_Limit":20
  },
"Percentiles":{
"Auto_Percentiles":[0.0001,0.001,0.0013499,0.01,0.0227501,0.05,0.158655,0.25,0.5,0.75,0.841345,0.95,0.97725,0.99,0.99865,0.999,0.9999]
  },
"Measure_Statistics":{
"iint":{"Nominal":-1.89638e-14,"Mean":-1.90957e-14,"Stddev":7.41148e-16,"Skewness":-0.812634,"Kurtosis":4.43311,"IQR":5.61216e-15},
"tphla":{"Nominal":2.3309e-11,"Mean":2.33595e-11,"Stddev":1.25925e-12,"Skewness":0.27506,"Kurtosis":2.96339,"IQR":7.51755e-12},
"tphlb":{"Nominal":2.48458e-11,"Mean":2.51049e-11,"Stddev":1.36316e-12,"Skewness":0.585725,"Kurtosis":2.68002,"IQR":7.27099e-12},
"tplha":{"Nominal":2.25764e-10,"Mean":2.25963e-10,"Stddev":1.08065e-11,"Skewness":-0.275926,"Kurtosis":3.4651,"IQR":7.22746e-11},
"tplhb":{"Nominal":2.36465e-10,"Mean":2.39631e-10,"Stddev":7.55327e-12,"Skewness":0.811265,"Kurtosis":5.05439,"IQR":6.89339e-11}
  }
}
